Date,Exercise,Set #,Reps,Weight,Duration
"Friday, April 17, 2026",Goblet Squats,1,10,50,
"Friday, April 17, 2026",Goblet Squats,2,10,50,
"Monday, March 23, 2026",Goblet Squats,1,12,48,
"Monday, March 23, 2026",Goblet Squats,2,12,48,
"Monday, March 16, 2026",Goblet Squats,1,12,69,
"Monday, March 16, 2026",Goblet Squats,2,12,69,
"Monday, March 9, 2026",Goblet Squats,1,12,69,
"Monday, March 9, 2026",Goblet Squats,2,12,69,
"Monday, March 2, 2026",Goblet Squats,1,12,68,
"Monday, March 2, 2026",Goblet Squats,2,12,69,
"Monday, February 23, 2026",Goblet Squats,1,12,68,
"Monday, February 23, 2026",Goblet Squats,2,12,68,
"Monday, April 20, 2026",Bench,1,7,115,
"Monday, April 20, 2026",Bench,2,7,115,
"Monday, April 20, 2026",Bench,3,7,115,
"Monday, April 13, 2026",Bench,1,7,115,
"Monday, April 13, 2026",Bench,2,7,115,
"Monday, April 13, 2026",Bench,3,7,115,
"Tuesday, March 31, 2026",Bench,1,7,115,
"Tuesday, March 31, 2026",Bench,2,7,115,
"Tuesday, March 31, 2026",Bench,3,15,95,
"Tuesday, March 31, 2026",Bench,4,15,95,
"Tuesday, March 17, 2026",Bench,1,7,112,
"Tuesday, March 17, 2026",Bench,2,7,112,
"Tuesday, March 17, 2026",Bench,3,15,91,
"Tuesday, March 17, 2026",Bench,4,15,91,
"Tuesday, March 10, 2026",Bench,1,7,112,
"Tuesday, March 10, 2026",Bench,2,7,112,
"Tuesday, March 10, 2026",Bench,3,15,89,
"Tuesday, March 10, 2026",Bench,4,15,89,
"Tuesday, March 3, 2026",Bench,1,7,109,
"Tuesday, March 3, 2026",Bench,2,7,111,
"Tuesday, March 3, 2026",Bench,3,15,88,
"Tuesday, March 3, 2026",Bench,4,15,88,
"Tuesday, February 24, 2026",Bench,1,7,112,
"Tuesday, February 24, 2026",Bench,2,7,110,
"Tuesday, February 24, 2026",Bench,3,15,87,
"Tuesday, February 24, 2026",Bench,4,15,87,
"Tuesday, February 17, 2026",Bench,1,7,110,
"Tuesday, February 17, 2026",Bench,2,7,110,
"Tuesday, February 17, 2026",Bench,3,15,90,
"Tuesday, February 17, 2026",Bench,4,15,90,
"Monday, February 9, 2026",Bench,1,5,113,
"Monday, February 9, 2026",Bench,2,5,114,
"Monday, February 9, 2026",Bench,3,5,115,
"Monday, February 9, 2026",Bench,4,5,116,
"Monday, February 9, 2026",Bench,5,5,117,
"Monday, February 2, 2026",Bench,1,5,109,
"Monday, February 2, 2026",Bench,2,5,110,
"Monday, February 2, 2026",Bench,3,5,111,
"Monday, February 2, 2026",Bench,4,5,112,
"Monday, February 2, 2026",Bench,5,5,113,
"Monday, January 26, 2026",Bench,1,5,108,
"Monday, January 26, 2026",Bench,2,5,109,
"Monday, January 26, 2026",Bench,3,5,111,
"Monday, January 26, 2026",Bench,4,5,109,
"Monday, January 26, 2026",Bench,5,5,109,
"Monday, January 19, 2026",Bench,1,5,106,
"Monday, January 19, 2026",Bench,2,5,106,
"Monday, January 19, 2026",Bench,3,5,107,
"Monday, January 19, 2026",Bench,4,5,107,
"Monday, January 19, 2026",Bench,5,5,107,
"Monday, January 12, 2026",Bench,1,5,102,
"Monday, January 12, 2026",Bench,2,5,102,
"Monday, January 12, 2026",Bench,3,5,104,
"Monday, January 12, 2026",Bench,4,5,104,
"Monday, January 12, 2026",Bench,5,5,105,
"Monday, January 5, 2026",Bench,1,5,123,
"Monday, January 5, 2026",Bench,2,5,105,
"Monday, January 5, 2026",Bench,3,5,105,
"Monday, January 5, 2026",Bench,4,5,100,
"Monday, January 5, 2026",Bench,5,5,100,
"Monday, December 29, 2025",Bench,1,5,120,
"Monday, December 29, 2025",Bench,2,5,1211,
"Monday, December 29, 2025",Bench,3,5,122,
"Monday, December 29, 2025",Bench,4,5,123,
"Monday, December 29, 2025",Bench,5,5,123,
"Monday, December 22, 2025",Bench,1,5,116,
"Monday, December 22, 2025",Bench,2,5,117,
"Monday, December 22, 2025",Bench,3,5,118,
"Monday, December 22, 2025",Bench,4,5,119,
"Monday, December 22, 2025",Bench,5,5,120,
"Monday, December 15, 2025",Bench,1,5,112,
"Monday, December 15, 2025",Bench,2,5,113,
"Monday, December 15, 2025",Bench,3,5,114,
"Monday, December 15, 2025",Bench,4,5,115,
"Monday, December 15, 2025",Bench,5,5,116,
"Monday, December 8, 2025",Bench,1,5,108,
"Monday, December 8, 2025",Bench,2,5,109,
"Monday, December 8, 2025",Bench,3,5,110,
"Monday, December 8, 2025",Bench,4,5,111,
"Monday, December 8, 2025",Bench,5,5,112,
"Monday, December 1, 2025",Bench,1,5,105,
"Monday, December 1, 2025",Bench,2,5,105,
"Monday, December 1, 2025",Bench,3,5,107,
"Monday, December 1, 2025",Bench,4,5,108,
"Monday, December 1, 2025",Bench,5,5,108,
"Monday, November 24, 2025",Bench,1,5,102,
"Monday, November 24, 2025",Bench,2,5,103,
"Monday, November 24, 2025",Bench,3,5,103,
"Monday, November 24, 2025",Bench,4,5,103,
"Monday, November 24, 2025",Bench,5,5,103,
"Monday, November 17, 2025",Bench,1,8,101,
"Monday, November 17, 2025",Bench,2,8,102,
"Monday, November 17, 2025",Bench,3,8,102,
"Monday, November 17, 2025",Bench,4,8,102,
"Monday, November 10, 2025",Bench,1,8,100,
"Monday, November 10, 2025",Bench,2,8,101,
"Monday, November 10, 2025",Bench,3,8,101,
"Monday, November 10, 2025",Bench,4,8,101,
"Monday, November 3, 2025",Bench,1,8,87,
"Monday, November 3, 2025",Bench,2,8,92,
"Monday, November 3, 2025",Bench,3,8,96,
"Monday, November 3, 2025",Bench,4,8,100,
"Monday, October 27, 2025",Bench,1,12,85,
"Monday, October 27, 2025",Bench,2,12,86,
"Monday, October 27, 2025",Bench,3,10,87,
"Monday, October 20, 2025",Bench,1,12,82,
"Monday, October 20, 2025",Bench,2,12,84,
"Monday, October 20, 2025",Bench,3,12,85,
"Monday, October 13, 2025",Bench,1,12,80,
"Monday, October 13, 2025",Bench,2,12,81,
"Monday, October 13, 2025",Bench,3,12,82,
"Monday, October 6, 2025",Bench,1,10,69,
"Monday, October 6, 2025",Bench,2,12,75,
"Monday, October 6, 2025",Bench,3,12,80,
"Tuesday, March 31, 2026",90 90 Stretch,1,15,,
"Tuesday, March 31, 2026",90 90 Stretch,2,15,,
"Tuesday, March 17, 2026",90 90 Stretch,1,15,,
"Tuesday, March 17, 2026",90 90 Stretch,2,15,,
"Tuesday, March 10, 2026",90 90 Stretch,1,15,,
"Tuesday, March 10, 2026",90 90 Stretch,2,15,,
"Tuesday, March 3, 2026",90 90 Stretch,1,15,,
"Tuesday, March 3, 2026",90 90 Stretch,2,15,,
"Tuesday, February 24, 2026",90 90 Stretch,1,15,,
"Tuesday, February 24, 2026",90 90 Stretch,2,15,,
"Tuesday, February 17, 2026",90 90 Stretch,1,15,,
"Tuesday, February 17, 2026",90 90 Stretch,2,15,,
"Monday, February 16, 2026",90 90 Stretch,1,10,,
"Monday, February 16, 2026",90 90 Stretch,2,10,,
"Monday, February 9, 2026",90 90 Stretch,1,15,,
"Monday, February 9, 2026",90 90 Stretch,2,15,,
"Monday, February 2, 2026",90 90 Stretch,1,15,,
"Monday, February 2, 2026",90 90 Stretch,2,15,,
"Monday, January 26, 2026",90 90 Stretch,1,15,,
"Monday, January 26, 2026",90 90 Stretch,2,15,,
"Monday, January 19, 2026",90 90 Stretch,1,15,,
"Monday, January 19, 2026",90 90 Stretch,2,15,,
"Monday, January 12, 2026",90 90 Stretch,1,15,,
"Monday, January 12, 2026",90 90 Stretch,2,15,,
"Monday, January 5, 2026",90 90 Stretch,1,15,,
"Monday, January 5, 2026",90 90 Stretch,2,15,,
"Monday, December 29, 2025",90 90 Stretch,1,15,,
"Monday, December 29, 2025",90 90 Stretch,2,15,,
"Friday, December 26, 2025",90 90 Stretch,1,15,,
"Friday, December 26, 2025",90 90 Stretch,2,15,,
"Tuesday, December 23, 2025",90 90 Stretch,1,15,,
"Tuesday, December 23, 2025",90 90 Stretch,2,15,,
"Monday, December 22, 2025",90 90 Stretch,1,15,,
"Monday, December 22, 2025",90 90 Stretch,2,15,,
"Friday, December 19, 2025",90 90 Stretch,1,15,,
"Friday, December 19, 2025",90 90 Stretch,2,15,,
"Tuesday, December 16, 2025",90 90 Stretch,1,10,,
"Tuesday, December 16, 2025",90 90 Stretch,2,10,,
"Monday, December 15, 2025",90 90 Stretch,1,15,,
"Friday, December 12, 2025",90 90 Stretch,2,15,,
"Friday, December 12, 2025",90 90 Stretch,1,15,,
"Tuesday, December 9, 2025",90 90 Stretch,2,15,,
"Tuesday, December 9, 2025",90 90 Stretch,1,15,,
"Monday, December 8, 2025",90 90 Stretch,2,15,,
"Friday, December 5, 2025",90 90 Stretch,1,15,,
"Friday, December 5, 2025",90 90 Stretch,2,15,,
"Tuesday, December 2, 2025",90 90 Stretch,1,15,,
"Tuesday, December 2, 2025",90 90 Stretch,2,15,,
"Monday, December 1, 2025",90 90 Stretch,1,15,,
"Monday, December 1, 2025",90 90 Stretch,2,15,,
"Friday, November 28, 2025",90 90 Stretch,1,15,,
"Friday, November 28, 2025",90 90 Stretch,2,15,,
"Friday, November 21, 2025",90 90 Stretch,1,15,,
"Friday, November 21, 2025",90 90 Stretch,2,15,,
"Friday, November 14, 2025",90 90 Stretch,1,15,,
"Friday, November 14, 2025",90 90 Stretch,2,15,,
"Friday, November 7, 2025",90 90 Stretch,1,15,,
"Friday, November 7, 2025",90 90 Stretch,2,15,,
"Friday, October 31, 2025",90 90 Stretch,1,15,,
"Friday, October 31, 2025",90 90 Stretch,2,15,,
"Friday, October 24, 2025",90 90 Stretch,1,15,,
"Friday, October 24, 2025",90 90 Stretch,2,15,,
"Friday, October 17, 2025",90 90 Stretch,1,15,,
"Friday, October 17, 2025",90 90 Stretch,2,15,,
"Friday, November 28, 2025",Bird Dog,1,,,60s
"Friday, November 28, 2025",Bird Dog,2,,,60s
"Friday, November 21, 2025",Bird Dog,1,,,60s
"Friday, November 21, 2025",Bird Dog,2,,,60s
"Friday, November 14, 2025",Bird Dog,1,,,60s
"Friday, November 14, 2025",Bird Dog,2,,,60s
"Friday, November 7, 2025",Bird Dog,1,,,60s
"Friday, November 7, 2025",Bird Dog,2,,,60s
"Friday, October 31, 2025",Bird Dog,1,,,60s
"Friday, October 31, 2025",Bird Dog,2,,,60s
"Friday, October 24, 2025",Bird Dog,1,,,60s
"Friday, October 24, 2025",Bird Dog,2,,,60s
"Friday, October 17, 2025",Bird Dog,1,,,60s
"Friday, October 17, 2025",Bird Dog,2,,,60s
"Friday, October 10, 2025",Bird Dog,1,,,60s
"Friday, October 10, 2025",Bird Dog,2,,,60s
"Monday, March 23, 2026",Cable Rear Delt Fly,1,15,16,
"Monday, March 23, 2026",Cable Rear Delt Fly,2,15,16,
"Monday, March 23, 2026",Cable Rear Delt Fly,3,15,16,
"Monday, March 16, 2026",Cable Rear Delt Fly,1,15,14,
"Monday, March 16, 2026",Cable Rear Delt Fly,2,15,14,
"Monday, March 16, 2026",Cable Rear Delt Fly,3,15,14,
"Monday, March 9, 2026",Cable Rear Delt Fly,1,15,18,
"Monday, March 9, 2026",Cable Rear Delt Fly,2,15,18,
"Monday, March 9, 2026",Cable Rear Delt Fly,3,15,18,
"Monday, March 2, 2026",Cable Rear Delt Fly,1,15,18,
"Monday, March 2, 2026",Cable Rear Delt Fly,2,15,18,
"Monday, March 2, 2026",Cable Rear Delt Fly,3,15,18,
"Monday, February 23, 2026",Cable Rear Delt Fly,1,15,17,
"Monday, February 23, 2026",Cable Rear Delt Fly,2,15,17,
"Monday, February 23, 2026",Cable Rear Delt Fly,3,15,17,
"Friday, February 13, 2026",Cable Rear Delt Fly,1,15,17,
"Friday, February 13, 2026",Cable Rear Delt Fly,2,15,17,
"Friday, February 13, 2026",Cable Rear Delt Fly,3,15,17,
"Friday, February 6, 2026",Cable Rear Delt Fly,1,15,17,
"Friday, February 6, 2026",Cable Rear Delt Fly,2,15,17,
"Friday, February 6, 2026",Cable Rear Delt Fly,3,15,17,
"Friday, January 30, 2026",Cable Rear Delt Fly,1,15,17,
"Friday, January 30, 2026",Cable Rear Delt Fly,2,15,17,
"Friday, January 30, 2026",Cable Rear Delt Fly,3,15,17,
"Friday, January 23, 2026",Cable Rear Delt Fly,1,15,17,
"Friday, January 23, 2026",Cable Rear Delt Fly,2,15,17,
"Friday, January 23, 2026",Cable Rear Delt Fly,3,15,17,
"Friday, January 16, 2026",Cable Rear Delt Fly,1,15,17.5,
"Friday, January 16, 2026",Cable Rear Delt Fly,2,15,17.5,
"Friday, January 16, 2026",Cable Rear Delt Fly,3,15,17.5,
"Friday, January 9, 2026",Cable Rear Delt Fly,1,15,14,
"Friday, January 9, 2026",Cable Rear Delt Fly,2,15,15,
"Friday, January 9, 2026",Cable Rear Delt Fly,3,15,15,
"Friday, January 2, 2026",Cable Rear Delt Fly,1,15,14,
"Friday, January 2, 2026",Cable Rear Delt Fly,2,15,14,
"Friday, February 13, 2026",Copenhagen Plank,1,,,60s
"Friday, February 13, 2026",Copenhagen Plank,2,,,60s
"Tuesday, February 10, 2026",Copenhagen Plank,1,,,60s
"Tuesday, February 10, 2026",Copenhagen Plank,2,,,60s
"Friday, February 6, 2026",Copenhagen Plank,1,,,60s
"Friday, February 6, 2026",Copenhagen Plank,2,,,60s
"Tuesday, February 3, 2026",Copenhagen Plank,1,,,60s
"Tuesday, February 3, 2026",Copenhagen Plank,2,,,60s
"Friday, January 30, 2026",Copenhagen Plank,1,,,60s
"Friday, January 30, 2026",Copenhagen Plank,2,,,60s
"Tuesday, January 27, 2026",Copenhagen Plank,1,,,60s
"Tuesday, January 27, 2026",Copenhagen Plank,2,,,60s
"Friday, January 23, 2026",Copenhagen Plank,1,,,60s
"Friday, January 23, 2026",Copenhagen Plank,2,,,60s
"Tuesday, January 20, 2026",Copenhagen Plank,1,,,60s
"Tuesday, January 20, 2026",Copenhagen Plank,2,,,60s
"Friday, January 16, 2026",Copenhagen Plank,1,,,60s
"Friday, January 16, 2026",Copenhagen Plank,2,,,60s
"Tuesday, January 13, 2026",Copenhagen Plank,1,,,60s
"Tuesday, January 13, 2026",Copenhagen Plank,2,,,60s
"Friday, January 9, 2026",Copenhagen Plank,1,,,60s
"Friday, January 9, 2026",Copenhagen Plank,2,,,60s
"Tuesday, January 6, 2026",Copenhagen Plank,1,,,60s
"Tuesday, January 6, 2026",Copenhagen Plank,2,,,60s
"Friday, January 2, 2026",Copenhagen Plank,1,,,60s
"Friday, January 2, 2026",Copenhagen Plank,2,,,60s
"Tuesday, December 30, 2025",Copenhagen Plank,1,,,60s
"Tuesday, December 30, 2025",Copenhagen Plank,2,,,60s
"Tuesday, April 21, 2026",DB RDLs,1,8,184,
"Tuesday, April 21, 2026",DB RDLs,2,8,184,
"Tuesday, April 21, 2026",DB RDLs,3,8,184,
"Tuesday, April 14, 2026",DB RDLs,1,8,182,
"Tuesday, April 14, 2026",DB RDLs,2,8,182,
"Tuesday, April 14, 2026",DB RDLs,3,8,182,
"Thursday, April 2, 2026",DB RDLs,1,8,100,
"Thursday, April 2, 2026",DB RDLs,2,8,100,
"Thursday, April 2, 2026",DB RDLs,3,8,100,
"Thursday, March 19, 2026",DB RDLs,1,8,97,
"Thursday, March 19, 2026",DB RDLs,2,8,97,
"Thursday, March 19, 2026",DB RDLs,3,8,97,
"Thursday, March 12, 2026",DB RDLs,1,8,97,
"Thursday, March 12, 2026",DB RDLs,2,8,97,
"Thursday, March 12, 2026",DB RDLs,3,8,97,
"Thursday, March 5, 2026",DB RDLs,1,8,97,
"Thursday, March 5, 2026",DB RDLs,2,8,97,
"Thursday, March 5, 2026",DB RDLs,3,8,97,
"Thursday, February 26, 2026",DB RDLs,1,8,97,
"Thursday, February 26, 2026",DB RDLs,2,8,97,
"Thursday, February 26, 2026",DB RDLs,3,8,97,
"Thursday, February 19, 2026",DB RDLs,1,8,97,
"Thursday, February 19, 2026",DB RDLs,2,8,97,
"Thursday, February 19, 2026",DB RDLs,3,8,97,
"Monday, February 16, 2026",DB RDLs,1,10,100,
"Monday, February 16, 2026",DB RDLs,2,10,100,
"Friday, February 13, 2026",DB RDLs,1,12,140,
"Friday, February 13, 2026",DB RDLs,2,12,148,
"Tuesday, February 10, 2026",DB RDLs,1,8,160,
"Tuesday, February 10, 2026",DB RDLs,2,8,160,
"Tuesday, February 10, 2026",DB RDLs,3,8,164,
"Friday, February 6, 2026",DB RDLs,1,12,136,
"Friday, February 6, 2026",DB RDLs,2,12,138,
"Tuesday, February 3, 2026",DB RDLs,1,8,140,
"Tuesday, February 3, 2026",DB RDLs,2,8,150,
"Tuesday, February 3, 2026",DB RDLs,3,8,160,
"Friday, January 30, 2026",DB RDLs,1,12,132,
"Friday, January 30, 2026",DB RDLs,2,12,134,
"Tuesday, January 27, 2026",DB RDLs,1,8,130,
"Tuesday, January 27, 2026",DB RDLs,2,8,134,
"Tuesday, January 27, 2026",DB RDLs,3,8,136,
"Friday, January 23, 2026",DB RDLs,1,12,120,
"Friday, January 23, 2026",DB RDLs,2,12,130,
"Tuesday, January 20, 2026",DB RDLs,1,8,120,
"Tuesday, January 20, 2026",DB RDLs,2,8,126,
"Tuesday, January 20, 2026",DB RDLs,2,8,130,
"Friday, January 16, 2026",DB RDLs,1,12,100,
"Friday, January 16, 2026",DB RDLs,2,12,100,
"Tuesday, January 13, 2026",DB RDLs,1,8,185,
"Tuesday, January 13, 2026",DB RDLs,2,8,188,
"Tuesday, January 13, 2026",DB RDLs,2,8,190,
"Friday, January 9, 2026",DB RDLs,1,12,169,
"Friday, January 9, 2026",DB RDLs,2,12,169,
"Tuesday, January 6, 2026",DB RDLs,1,8,185,
"Tuesday, January 6, 2026",DB RDLs,2,8,185,
"Tuesday, January 6, 2026",DB RDLs,3,8,185,
"Friday, January 2, 2026",DB RDLs,1,12,100,
"Friday, January 2, 2026",DB RDLs,2,12,100,
"Tuesday, December 30, 2025",DB RDLs,1,8,182,
"Tuesday, December 30, 2025",DB RDLs,2,8,184,
"Tuesday, December 30, 2025",DB RDLs,3,8,185,
"Friday, December 26, 2025",DB RDLs,1,12,100,
"Friday, December 26, 2025",DB RDLs,2,12,100,
"Tuesday, December 23, 2025",DB RDLs,1,8,178,
"Tuesday, December 23, 2025",DB RDLs,2,8,180,
"Tuesday, December 23, 2025",DB RDLs,3,8,182,
"Friday, December 19, 2025",DB RDLs,1,12,161,
"Friday, December 19, 2025",DB RDLs,2,12,162,
"Tuesday, December 16, 2025",DB RDLs,1,8,174,
"Tuesday, December 16, 2025",DB RDLs,2,8,176,
"Tuesday, December 16, 2025",DB RDLs,3,8,178,
"Friday, December 12, 2025",DB RDLs,1,12,160,
"Friday, December 12, 2025",DB RDLs,2,12,160,
"Tuesday, December 9, 2025",DB RDLs,1,8,168,
"Tuesday, December 9, 2025",DB RDLs,2,8,170,
"Tuesday, December 9, 2025",DB RDLs,3,8,172,
"Friday, December 5, 2025",DB RDLs,1,12,158,
"Friday, December 5, 2025",DB RDLs,2,12,158,
"Tuesday, December 2, 2025",DB RDLs,1,8,164,
"Tuesday, December 2, 2025",DB RDLs,2,8,166,
"Tuesday, December 2, 2025",DB RDLs,3,8,168,
"Tuesday, November 25, 2025",DB RDLs,1,8,140,
"Tuesday, November 25, 2025",DB RDLs,2,8,140,
"Tuesday, November 25, 2025",DB RDLs,3,8,140,
"Friday, November 21, 2025",DB RDLs,1,12,154,
"Friday, November 21, 2025",DB RDLs,2,12,162,
"Tuesday, November 18, 2025",DB RDLs,1,8,176,
"Tuesday, November 18, 2025",DB RDLs,2,8,160,
"Tuesday, November 18, 2025",DB RDLs,3,8,162,
"Friday, November 14, 2025",DB RDLs,1,12,154,
"Friday, November 14, 2025",DB RDLs,2,12,156,
"Tuesday, November 11, 2025",DB RDLs,1,8,150,
"Tuesday, November 11, 2025",DB RDLs,2,8,152,
"Tuesday, November 11, 2025",DB RDLs,3,8,154,
"Friday, November 7, 2025",DB RDLs,1,12,148,
"Friday, November 7, 2025",DB RDLs,2,12,150,
"Tuesday, November 4, 2025",DB RDLs,1,8,140,
"Tuesday, November 4, 2025",DB RDLs,2,8,144,
"Tuesday, November 4, 2025",DB RDLs,3,8,148,
"Friday, October 31, 2025",DB RDLs,1,12,136,
"Friday, October 31, 2025",DB RDLs,2,12,138,
"Tuesday, October 28, 2025",DB RDLs,1,8,132,
"Tuesday, October 28, 2025",DB RDLs,2,8,134,
"Tuesday, October 28, 2025",DB RDLs,3,8,136,
"Friday, October 24, 2025",DB RDLs,1,12,104,
"Friday, October 24, 2025",DB RDLs,2,12,108,
"Tuesday, October 21, 2025",DB RDLs,1,8,128,
"Tuesday, October 21, 2025",DB BDLs,2,8,130,
"Tuesday, October 21, 2025",DB RDLs,3,8,132,
"Friday, October 17, 2025",DB RDLs,1,12,50,
"Friday, October 17, 2025",DB RDLs,2,12,50,
"Tuesday, October 14, 2025",DB RDLs,1,8,128,
"Tuesday, October 14, 2025",DB RDLs,2,8,128,
"Tuesday, October 14, 2025",DB RDLs,3,8,128,
"Friday, October 10, 2025",DB RDLs,1,12,57,
"Friday, October 10, 2025",DB RDLs,2,12,57,
"Tuesday, October 7, 2025",DB RDLs,1,8,102,
"Tuesday, October 7, 2025",DB RDLs,2,8,108,
"Tuesday, October 7, 2025",DB RDLs,3,8,114,
"Tuesday, December 23, 2025",Double Leg Glute Bridge,1,15,,
"Tuesday, December 23, 2025",Double Leg Glute Bridge,2,15,,
"Tuesday, December 23, 2025",Double Leg Glute Bridge,3,15,,
"Tuesday, December 16, 2025",Double Leg Glute Bridge,1,15,,
"Tuesday, December 16, 2025",Double Leg Glute Bridge,2,15,,
"Tuesday, December 16, 2025",Double Leg Glute Bridge,3,15,,
"Tuesday, December 9, 2025",Double Leg Glute Bridge,1,15,,
"Tuesday, December 9, 2025",Double Leg Glute Bridge,2,15,,
"Tuesday, December 9, 2025",Double Leg Glute Bridge,3,15,,
"Tuesday, December 2, 2025",Double Leg Glute Bridge,1,15,,
"Tuesday, December 2, 2025",Double Leg Glute Bridge,2,15,,
"Tuesday, December 2, 2025",Double Leg Glute Bridge,3,15,,
"Monday, April 20, 2026",EZ Bar Curls,1,15,40,
"Monday, April 20, 2026",EZ Bar Curls,2,15,40,
"Monday, April 13, 2026",EZ Bar Curls,1,15,40,
"Monday, April 13, 2026",EZ Bar Curls,2,15,40,
"Tuesday, March 31, 2026",EZ Bar Curls,1,15,45,
"Tuesday, March 31, 2026",EZ Bar Curls,2,15,45,
"Tuesday, March 31, 2026",EZ Bar Curls,3,15,37,
"Tuesday, March 17, 2026",EZ Bar Curls,1,15,38,
"Tuesday, March 10, 2026",EZ Bar Curls,1,15,47,
"Tuesday, March 10, 2026",EZ Bar Curls,2,15,42,
"Tuesday, March 3, 2026",EZ Bar Curls,1,15,45,
"Tuesday, March 3, 2026",EZ Bar Curls,2,15,45,
"Tuesday, February 24, 2026",EZ Bar Curls,1,15,45,
"Tuesday, February 24, 2026",EZ Bar Curls,2,15,45,
"Tuesday, February 17, 2026",EZ Bar Curls,1,15,38,
"Monday, February 9, 2026",EZ Bar Curls,1,15,33,
"Monday, February 9, 2026",EZ Bar Curls,2,15,47,
"Monday, February 9, 2026",EZ Bar Curls,3,15,47,
"Monday, February 9, 2026",EZ Bar Curls,4,15,47,
"Monday, February 2, 2026",EZ Bar Curls,1,15,47,
"Monday, February 2, 2026",EZ Bar Curls,2,15,47,
"Monday, February 2, 2026",EZ Bar Curls,3,15,47,
"Monday, January 26, 2026",EZ Bar Curls,1,15,47,
"Monday, January 26, 2026",EZ Bar Curls,2,15,47,
"Monday, January 19, 2026",EZ Bar Curls,1,15,46,
"Monday, January 19, 2026",EZ Bar Curls,2,15,47,
"Monday, January 12, 2026",EZ Bar Curls,1,15,46,
"Monday, January 12, 2026",EZ Bar Curls,2,15,46,
"Monday, January 5, 2026",EZ Bar Curls,1,15,45,
"Monday, January 5, 2026",EZ Bar Curls,2,15,46,
"Monday, December 29, 2025",EZ Bar Curls,1,15,45,
"Monday, December 29, 2025",EZ Bar Curls,2,15,45,
"Tuesday, April 21, 2026",Face Pulls - Rear Delt,1,15,52,
"Tuesday, April 21, 2026",Face Pulls - Rear Delt,2,15,52,
"Tuesday, April 14, 2026",Face Pulls - Rear Delt,1,15,51,
"Tuesday, April 14, 2026",Face Pulls - Rear Delt,2,15,51,
"Thursday, April 2, 2026",Face Pulls - Rear Delt,1,15,50,
"Thursday, April 2, 2026",Face Pulls - Rear Delt,2,15,50,
"Thursday, March 19, 2026",Face Pulls - Rear Delt,1,15,51,
"Thursday, March 19, 2026",Face Pulls - Rear Delt,2,15,51,
"Thursday, March 12, 2026",Face Pulls - Rear Delt,1,15,49,
"Thursday, March 12, 2026",Face Pulls - Rear Delt,2,15,51,
"Thursday, March 5, 2026",Face Pulls - Rear Delt,1,15,53,
"Thursday, March 5, 2026",Face Pulls - Rear Delt,2,15,54,
"Thursday, February 26, 2026",Face Pulls - Rear Delt,1,15,51,
"Thursday, February 26, 2026",Face Pulls - Rear Delt,2,15,52,
"Monday, January 19, 2026",Face Pulls - Rear Delt,1,15,50,
"Monday, January 19, 2026",Face Pulls - Rear Delt,2,15,50,
"Tuesday, February 10, 2026",Face Pulls - Rear Delt,1,15,44,
"Tuesday, February 10, 2026",Face Pulls - Rear Delt,2,15,45,
"Tuesday, February 3, 2026",Face Pulls - Rear Delt,1,15,42,
"Tuesday, February 3, 2026",Face Pulls - Rear Delt,2,15,43,
"Tuesday, January 27, 2026",Face Pulls - Rear Delt,1,15,40,
"Tuesday, January 27, 2026",Face Pulls - Rear Delt,2,15,42,
"Tuesday, January 20, 2026",Face Pulls - Rear Delt,1,15,38,
"Tuesday, January 20, 2026",Face Pulls - Rear Delt,2,15,40,
"Tuesday, January 13, 2026",Face Pulls - Rear Delt,1,15,35,
"Tuesday, January 13, 2026",Face Pulls - Rear Delt,2,15,38,
"Tuesday, January 6, 2026",Face Pulls - Rear Delt,1,15,33,
"Tuesday, January 6, 2026",Face Pulls - Rear Delt,2,15,35,
"Tuesday, December 30, 2025",Face Pulls - Rear Delt,1,15,31,
"Tuesday, December 30, 2025",Face Pulls - Rear Delt,2,15,33,
"Tuesday, December 23, 2025",Forearm Plank,1,,0,60
"Tuesday, December 23, 2025",Forearm Plank,2,,0,60
"Monday, December 22, 2025",Forearm Plank,1,,0,60
"Monday, December 22, 2025",Forearm Plank,2,,0,60
"Tuesday, December 16, 2025",Forearm Plank,1,,0,60
"Tuesday, December 16, 2025",Forearm Plank,2,,0,60
"Monday, December 15, 2025",Forearm Plank,1,,0,60
"Monday, December 15, 2025",Forearm Plank,2,,0,60
"Tuesday, December 9, 2025",Forearm Plank,1,,0,60
"Tuesday, December 9, 2025",Forearm Plank,2,,0,60
"Monday, December 8, 2025",Forearm Plank,1,,0,60
"Monday, December 8, 2025",Forearm Plank,2,,0,60
"Tuesday, December 2, 2025",Forearm Plank,1,,0,60
"Tuesday, December 2, 2025",Forearm Plank,2,,0,60
"Monday, December 1, 2025",Forearm Plank,1,,0,60
"Monday, December 1, 2025",Forearm Plank,2,,0,60
"Monday, October 27, 2025",Forearm Plank,1,,0,60
"Monday, October 27, 2025",Forearm Plank,2,,0,60
"Monday, October 20, 2025",Forearm Plank,1,,0,60
"Monday, October 20, 2025",Forearm Plank,2,,0,60
"Monday, October 13, 2025",Forearm Plank,1,,0,60
"Monday, October 13, 2025",Forearm Plank,2,,0,60
"Monday, October 6, 2025",Forearm Plank,1,,0,60
"Monday, October 6, 2025",Forearm Plank,2,,0,60
"Thursday, April 23, 2026",Incline DB Press,1,12,90,
"Thursday, April 23, 2026",Incline DB Press,2,12,90,
"Thursday, April 23, 2026",Incline DB Press,3,12,90,
"Thursday, April 16, 2026",Incline DB Press,1,12,90,
"Thursday, April 16, 2026",Incline DB Press,2,12,90,
"Thursday, April 16, 2026",Incline DB Press,3,12,90,
"Friday, April 10, 2026",Incline DB Press,1,12,98,
"Friday, April 10, 2026",Incline DB Press,2,12,98,
"Friday, April 10, 2026",Incline DB Press,3,12,98,
"Friday, April 3, 2026",Incline DB Press,1,12,96,
"Friday, April 3, 2026",Incline DB Press,2,12,96,
"Friday, April 3, 2026",Incline DB Press,3,12,96,
"Friday, March 20, 2026",Incline DB Press,1,12,96,
"Friday, March 20, 2026",Incline DB Press,2,12,96,
"Friday, March 20, 2026",Incline DB Press,3,12,96,
"Friday, March 13, 2026",Incline DB Press,1,12,94,
"Friday, March 13, 2026",Incline DB Press,2,12,94,
"Friday, March 13, 2026",Incline DB Press,3,12,94,
"Friday, March 6, 2026",Incline DB Press,1,12,92,
"Friday, March 6, 2026",Incline DB Press,2,12,92,
"Friday, March 6, 2026",Incline DB Press,3,12,92,
"Friday, February 27, 2026",Incline DB Press,1,12,92,
"Friday, February 27, 2026",Incline DB Press,2,12,90,
"Friday, February 27, 2026",Incline DB Press,3,12,90,
"Friday, February 20, 2026",Incline DB Press,1,12,88,
"Friday, February 20, 2026",Incline DB Press,2,12,88,
"Friday, February 20, 2026",Incline DB Press,3,12,88,
"Monday, February 16, 2026",Incline DB Press,1,10,90,
"Monday, February 16, 2026",Incline DB Press,2,10,90,
"Monday, February 16, 2026",Incline DB Press,3,10,90,
"Thursday, February 12, 2026",Incline DB Press,1,12,88,
"Thursday, February 12, 2026",Incline DB Press,2,12,88,
"Thursday, February 12, 2026",Incline DB Press,3,12,88,
"Thursday, February 5, 2026",Incline DB Press,1,12,88,
"Thursday, February 5, 2026",Incline DB Press,2,12,88,
"Thursday, February 5, 2026",Incline DB Press,3,12,88,
"Thursday, January 29, 2026",Incline DB Press,1,12,88,
"Thursday, January 29, 2026",Incline DB Press,2,12,88,
"Thursday, January 29, 2026",Incline DB Press,3,12,88,
"Thursday, January 22, 2026",Incline DB Press,1,10,88,
"Thursday, January 22, 2026",Incline DB Press,2,12,88,
"Thursday, January 22, 2026",Incline DB Press,3,12,88,
"Thursday, January 15, 2026",Incline DB Press,1,12,88,
"Thursday, January 15, 2026",Incline DB Press,2,12,88,
"Thursday, January 15, 2026",Incline DB Press,3,12,88,
"Thursday, January 8, 2026",Incline DB Press,1,12,80,
"Thursday, January 8, 2026",Incline DB Press,2,12,80,
"Thursday, January 8, 2026",Incline DB Press,3,12,80,
"Thursday, January 1, 2026",Incline DB Press,1,12,70,
"Thursday, January 1, 2026",Incline DB Press,2,12,80,
"Thursday, January 1, 2026",Incline DB Press,3,12,80,
"Tuesday, November 25, 2025",Pigeon Pose,1,,0,60
"Tuesday, November 25, 2025",Pigeon Pose,2,,0,60
"Monday, November 24, 2025",Pigeon Pose,1,,0,60
"Monday, November 24, 2025",Pigeon Pose,2,,0,60
"Tuesday, November 18, 2025",Pigeon Pose,1,,0,60
"Tuesday, November 18, 2025",Pigeon Pose,2,,0,60
"Monday, November 17, 2025",Pigeon Pose,1,,0,60
"Monday, November 17, 2025",Pigeon Pose,2,,0,60
"Tuesday, November 11, 2025",Pigeon Pose,1,,0,60
"Tuesday, November 11, 2025",Pigeon Pose,2,,0,60
"Monday, November 10, 2025",Pigeon Pose,1,,0,60
"Monday, November 10, 2025",Pigeon Pose,2,,0,60
"Tuesday, November 4, 2025",Pigeon Pose,1,,0,60
"Tuesday, November 4, 2025",Pigeon Pose,2,,0,60
"Monday, November 3, 2025",Pigeon Pose,1,,0,60
"Monday, November 3, 2025",Pigeon Pose,2,,0,60
"Tuesday, October 28, 2025",Pigeon Pose,1,,0,60
"Tuesday, October 28, 2025",Pigeon Pose,2,,0,60
"Monday, October 27, 2025",Pigeon Pose,1,,0,60
"Monday, October 27, 2025",Pigeon Pose,2,,0,60
"Tuesday, October 21, 2025",Pigeon Pose,1,,0,60
"Tuesday, October 21, 2025",Pigeon Pose,2,,0,60
"Monday, October 20, 2025",Pigeon Pose,1,,0,60
"Monday, October 20, 2025",Pigeon Pose,2,,0,60
"Tuesday, October 14, 2025",Pigeon Pose,1,,0,60
"Tuesday, October 14, 2025",Pigeon Pose,2,,0,60
"Monday, October 13, 2025",Pigeon Pose,1,,0,60
"Monday, October 13, 2025",Pigeon Pose,2,,0,60
"Tuesday, October 7, 2025",Pigeon Pose,1,,0,60
"Tuesday, October 7, 2025",Pigeon Pose,2,,0,60
"Monday, October 6, 2025",Pigeon Pose,1,,0,60
"Monday, October 6, 2025",Pigeon Pose,2,,0,60
"Tuesday, March 31, 2026",Plank Shoulder Taps,1,15,,
"Tuesday, March 31, 2026",Plank Shoulder Taps,2,15,,
"Tuesday, March 17, 2026",Plank Shoulder Taps,1,15,,
"Tuesday, March 17, 2026",Plank Shoulder Taps,2,15,,
"Tuesday, March 10, 2026",Plank Shoulder Taps,1,15,,
"Tuesday, March 10, 2026",Plank Shoulder Taps,2,15,,
"Tuesday, March 3, 2026",Plank Shoulder Taps,1,15,,
"Tuesday, March 3, 2026",Plank Shoulder Taps,2,15,,
"Tuesday, February 24, 2026",Plank Shoulder Taps,1,15,,
"Tuesday, February 24, 2026",Plank Shoulder Taps,2,15,,
"Tuesday, February 17, 2026",Plank Shoulder Taps,1,15,,
"Tuesday, February 17, 2026",Plank Shoulder Taps,2,15,,
"Monday, February 9, 2026",Plank Shoulder Taps,1,15,,
"Monday, February 9, 2026",Plank Shoulder Taps,2,15,,
"Monday, February 2, 2026",Plank Shoulder Taps,1,15,,
"Monday, February 2, 2026",Plank Shoulder Taps,2,15,,
"Monday, January 26, 2026",Plank Shoulder Taps,1,15,,
"Monday, January 26, 2026",Plank Shoulder Taps,2,15,,
"Monday, January 19, 2026",Plank Shoulder Taps,1,15,,
"Monday, January 19, 2026",Plank Shoulder Taps,2,15,,
"Monday, January 12, 2026",Plank Shoulder Taps,1,15,,
"Monday, January 12, 2026",Plank Shoulder Taps,2,15,,
"Monday, January 5, 2026",Plank Shoulder Taps,1,15,,
"Monday, January 5, 2026",Plank Shoulder Taps,2,15,,
"Monday, December 29, 2025",Plank Shoulder Taps,1,15,,
"Monday, December 29, 2025",Plank Shoulder Taps,2,15,,
"Monday, November 24, 2025",Plank Shoulder Taps,1,15,,
"Monday, November 24, 2025",Plank Shoulder Taps,2,15,,
"Monday, November 17, 2025",Plank Shoulder Taps,1,15,,
"Monday, November 17, 2025",Plank Shoulder Taps,2,15,,
"Monday, November 10, 2025",Plank Shoulder Taps,1,15,,
"Monday, November 10, 2025",Plank Shoulder Taps,2,15,,
"Monday, November 3, 2025",Plank Shoulder Taps,1,15,,
"Monday, November 3, 2025",Plank Shoulder Taps,2,15,,
"Thursday, April 23, 2026",Side plank,1,,,60s
"Thursday, April 23, 2026",Side plank,2,,,60s
"Thursday, April 16, 2026",Side plank,1,,,60s
"Thursday, April 16, 2026",Side plank,2,,,60s
"Friday, April 10, 2026",Side plank,1,,,60s
"Friday, April 10, 2026",Side plank,2,,,60s
"Friday, April 3, 2026",Side plank,1,,,60s
"Friday, April 3, 2026",Side plank,2,,,60s
"Friday, March 20, 2026",Side plank,1,,,60s
"Friday, March 20, 2026",Side plank,2,,,60s
"Friday, March 13, 2026",Side plank,1,,,60s
"Friday, March 13, 2026",Side plank,2,,,60s
"Friday, March 6, 2026",Side plank,1,,,60s
"Friday, March 6, 2026",Side plank,2,,,60s
"Friday, February 27, 2026",Side plank,1,,,60s
"Friday, February 27, 2026",Side plank,2,,,60s
"Friday, February 20, 2026",Side plank,1,,,60s
"Friday, February 20, 2026",Side plank,2,,,60s
"Thursday, February 12, 2026",Side plank,1,,,60s
"Thursday, February 12, 2026",Side plank,2,,,60s
"Thursday, February 5, 2026",Side plank,1,,,60s
"Thursday, February 5, 2026",Side plank,2,,,60s
"Thursday, January 29, 2026",Side plank,1,,,60s
"Thursday, January 29, 2026",Side plank,2,,,60s
"Thursday, January 22, 2026",Side plank,1,,,60s
"Thursday, January 22, 2026",Side plank,2,,,60s
"Thursday, January 15, 2026",Side plank,1,,,60s
"Thursday, January 15, 2026",Side plank,2,,,60s
"Thursday, January 8, 2026",Side plank,1,,,60s
"Thursday, January 8, 2026",Side plank,2,,,60s
"Thursday, January 1, 2026",Side plank,1,,,60s
"Thursday, January 1, 2026",Side plank,2,,,60s
"Thursday, December 25, 2025",Side plank,1,,,60s
"Thursday, December 25, 2025",Side plank,2,,,60s
"Thursday, December 18, 2025",Side plank,1,,,60s
"Thursday, December 18, 2025",Side plank,2,,,60s
"Thursday, December 11, 2025",Side plank,1,,,60s
"Thursday, December 11, 2025",Side plank,2,,,60s
"Thursday, December 4, 2025",Side plank,1,,,60s
"Thursday, December 4, 2025",Side plank,2,,,60s
"Thursday, November 27, 2025",Side plank,1,,,60s
"Thursday, November 27, 2025",Side plank,2,,,60s
"Thursday, November 20, 2025",Side plank,1,,,60s
"Thursday, November 20, 2025",Side plank,2,,,60s
"Thursday, November 13, 2025",Side plank,1,,,60s
"Thursday, November 13, 2025",Side plank,2,,,60s
"Thursday, November 6, 2025",Side plank,1,,,60s
"Thursday, November 6, 2025",Side plank,2,,,60s
"Thursday, October 30, 2025",Side plank,1,,,60s
"Thursday, October 30, 2025",Side plank,2,,,60s
"Thursday, October 23, 2025",Side plank,1,,,60s
"Thursday, October 23, 2025",Side plank,2,,,60s
"Thursday, October 16, 2025",Side plank,1,,,60s
"Thursday, October 16, 2025",Side plank,2,,,60s
"Thursday, October 9, 2025",Side plank,1,,,60s
"Thursday, October 9, 2025",Side plank,2,,,60s
"Tuesday, April 21, 2026",Single Leg Glute Bridge,1,15,,
"Tuesday, April 21, 2026",Single Leg Glute Bridge,2,15,,
"Tuesday, April 14, 2026",Single Leg Glute Bridge,1,15,,
"Tuesday, April 14, 2026",Single Leg Glute Bridge,2,15,,
"Thursday, April 2, 2026",Single Leg Glute Bridge,1,15,,
"Thursday, April 2, 2026",Single Leg Glute Bridge,2,15,,
"Thursday, March 19, 2026",Single Leg Glute Bridge,1,15,,
"Thursday, March 19, 2026",Single Leg Glute Bridge,2,15,,
"Thursday, March 12, 2026",Single Leg Glute Bridge,1,15,,
"Thursday, March 12, 2026",Single Leg Glute Bridge,2,15,,
"Thursday, March 5, 2026",Single Leg Glute Bridge,1,15,,
"Thursday, March 5, 2026",Single Leg Glute Bridge,2,15,,
"Thursday, February 26, 2026",Single Leg Glute Bridge,1,15,,
"Thursday, February 26, 2026",Single Leg Glute Bridge,2,15,,
"Thursday, February 19, 2026",Single Leg Glute Bridge,1,15,,
"Thursday, February 19, 2026",Single Leg Glute Bridge,2,15,,
"Tuesday, February 10, 2026",Single Leg Glute Bridge,1,15,,
"Tuesday, February 10, 2026",Single Leg Glute Bridge,2,15,,
"Tuesday, February 3, 2026",Single Leg Glute Bridge,1,15,,
"Tuesday, February 3, 2026",Single Leg Glute Bridge,2,15,,
"Tuesday, January 27, 2026",Single Leg Glute Bridge,1,15,,
"Tuesday, January 27, 2026",Single Leg Glute Bridge,2,15,,
"Tuesday, January 20, 2026",Single Leg Glute Bridge,1,15,,
"Tuesday, January 20, 2026",Single Leg Glute Bridge,2,15,,
"Tuesday, January 13, 2026",Single Leg Glute Bridge,1,15,,
"Tuesday, January 13, 2026",Single Leg Glute Bridge,2,15,,
"Tuesday, January 6, 2026",Single Leg Glute Bridge,1,15,,
"Tuesday, January 6, 2026",Single Leg Glute Bridge,2,15,,
"Tuesday, December 30, 2025",Single Leg Glute Bridge,1,15,,
"Tuesday, December 30, 2025",Single Leg Glute Bridge,2,15,,
"Tuesday, November 25, 2025",Single Leg Glute Bridge,1,15,,
"Tuesday, November 25, 2025",Single Leg Glute Bridge,2,15,,
"Tuesday, November 18, 2025",Single Leg Glute Bridge,1,15,,
"Tuesday, November 18, 2025",Single Leg Glute Bridge,2,15,,
"Tuesday, November 11, 2025",Single Leg Glute Bridge,1,15,,
"Tuesday, November 11, 2025",Single Leg Glute Bridge,2,15,,
"Tuesday, November 4, 2025",Single Leg Glute Bridge,1,15,,
"Tuesday, November 4, 2025",Single Leg Glute Bridge,2,15,,
"Tuesday, October 28, 2025",Single Leg Glute Bridge,1,15,,
"Tuesday, October 28, 2025",Single Leg Glute Bridge,2,15,,
"Tuesday, October 21, 2025",Single Leg Glute Bridge,1,15,,
"Tuesday, October 21, 2025",Single Leg Glute Bridge,2,15,,
"Tuesday, October 14, 2025",Single Leg Glute Bridge,1,15,,
"Tuesday, October 7, 2025",Single Leg Glute Bridge,1,15,,
"Tuesday, October 7, 2025",Single Leg Glute Bridge,2,15,,
"Monday, April 20, 2026",Sit ups - Deep exhale at top,1,15,20,
"Monday, April 20, 2026",Sit ups - Deep exhale at top,2,15,20,
"Monday, April 20, 2026",Sit ups - Deep exhale at top,3,15,20,
"Friday, April 17, 2026",Sit ups - Deep exhale at top,1,15,20,
"Friday, April 17, 2026",Sit ups - Deep exhale at top,2,15,20,
"Friday, April 17, 2026",Sit ups - Deep exhale at top,3,15,20,
"Monday, April 13, 2026",Sit ups - Deep exhale at top,1,15,20,
"Monday, April 13, 2026",Sit ups - Deep exhale at top,2,15,20,
"Monday, April 13, 2026",Sit ups - Deep exhale at top,3,15,20,
"Monday, March 23, 2026",Sit ups - Deep exhale at top,1,15,20,
"Monday, March 23, 2026",Sit ups - Deep exhale at top,2,15,20,
"Monday, March 23, 2026",Sit ups - Deep exhale at top,3,15,20,
"Monday, March 16, 2026",Sit ups - Deep exhale at top,1,15,20,
"Monday, March 16, 2026",Sit ups - Deep exhale at top,2,15,20,
"Monday, March 16, 2026",Sit ups - Deep exhale at top,3,15,20,
"Monday, March 9, 2026",Sit ups - Deep exhale at top,1,15,20,
"Monday, March 9, 2026",Sit ups - Deep exhale at top,2,15,20,
"Monday, March 9, 2026",Sit ups - Deep exhale at top,3,15,20,
"Monday, March 2, 2026",Sit ups - Deep exhale at top,1,15,20,
"Monday, March 2, 2026",Sit ups - Deep exhale at top,2,15,20,
"Monday, March 2, 2026",Sit ups - Deep exhale at top,3,15,20,
"Monday, February 23, 2026",Sit ups - Deep exhale at top,1,15,20,
"Monday, February 23, 2026",Sit ups - Deep exhale at top,2,15,20,
"Monday, February 23, 2026",Sit ups - Deep exhale at top,3,15,20,
"Friday, February 13, 2026",Sit ups - Deep exhale at top,1,15,20,
"Friday, February 13, 2026",Sit ups - Deep exhale at top,2,15,20,
"Friday, February 13, 2026",Sit ups - Deep exhale at top,3,15,20,
"Friday, February 6, 2026",Sit ups - Deep exhale at top,1,15,20,
"Friday, February 6, 2026",Sit ups - Deep exhale at top,2,15,20,
"Friday, February 6, 2026",Sit ups - Deep exhale at top,3,15,20,
"Friday, January 30, 2026",Sit ups - Deep exhale at top,1,15,20,
"Friday, January 30, 2026",Sit ups - Deep exhale at top,2,15,20,
"Friday, January 30, 2026",Sit ups - Deep exhale at top,3,15,20,
"Friday, January 23, 2026",Sit ups - Deep exhale at top,1,15,20,
"Friday, January 23, 2026",Sit ups - Deep exhale at top,2,15,20,
"Friday, January 23, 2026",Sit ups - Deep exhale at top,3,15,20,
"Friday, January 16, 2026",Sit ups - Deep exhale at top,1,15,20,
"Friday, January 16, 2026",Sit ups - Deep exhale at top,2,15,20,
"Friday, January 16, 2026",Sit ups - Deep exhale at top,3,15,20,
"Friday, January 9, 2026",Sit ups - Deep exhale at top,1,15,20,
"Friday, January 9, 2026",Sit ups - Deep exhale at top,2,15,20,
"Friday, January 9, 2026",Sit ups - Deep exhale at top,3,15,20,
"Friday, January 2, 2026",Sit ups - Deep exhale at top,1,15,20,
"Friday, January 2, 2026",Sit ups - Deep exhale at top,2,15,20,
"Friday, January 2, 2026",Sit ups - Deep exhale at top,3,15,20,
"Friday, December 26, 2025",Sit ups - Deep exhale at top,1,15,20,
"Friday, December 26, 2025",Sit ups - Deep exhale at top,2,15,20,
"Friday, December 26, 2025",Sit ups - Deep exhale at top,3,15,20,
"Friday, December 19, 2025",Sit ups - Deep exhale at top,1,15,20,
"Friday, December 19, 2025",Sit ups - Deep exhale at top,2,15,20,
"Friday, December 19, 2025",Sit ups - Deep exhale at top,3,15,20,
"Friday, December 12, 2025",Sit ups - Deep exhale at top,1,15,20,
"Friday, December 12, 2025",Sit ups - Deep exhale at top,2,15,20,
"Friday, December 12, 2025",Sit ups - Deep exhale at top,3,15,20,
"Friday, December 5, 2025",Sit ups - Deep exhale at top,1,15,20,
"Friday, December 5, 2025",Sit ups - Deep exhale at top,2,15,20,
"Friday, December 5, 2025",Sit ups - Deep exhale at top,3,15,20,
"Friday, November 28, 2025",Sit ups - Deep exhale at top,1,15,20,
"Friday, November 28, 2025",Sit ups - Deep exhale at top,2,15,20,
"Friday, November 28, 2025",Sit ups - Deep exhale at top,3,15,20,
"Friday, November 21, 2025",Sit ups - Deep exhale at top,1,15,20,
"Friday, November 21, 2025",Sit ups - Deep exhale at top,2,15,20,
"Friday, November 21, 2025",Sit ups - Deep exhale at top,3,15,20,
"Friday, November 14, 2025",Sit ups - Deep exhale at top,1,15,20,
"Friday, November 14, 2025",Sit ups - Deep exhale at top,2,15,20,
"Friday, November 14, 2025",Sit ups - Deep exhale at top,3,15,20,
"Friday, November 7, 2025",Sit ups - Deep exhale at top,1,15,20,
"Friday, November 7, 2025",Sit ups - Deep exhale at top,2,15,20,
"Friday, November 7, 2025",Sit ups - Deep exhale at top,3,15,20,
"Friday, October 31, 2025",Sit ups - Deep exhale at top,1,15,20,
"Friday, October 31, 2025",Sit ups - Deep exhale at top,2,15,20,
"Friday, October 31, 2025",Sit ups - Deep exhale at top,3,15,20,
"Friday, October 24, 2025",Sit ups - Deep exhale at top,1,15,20,
"Friday, October 24, 2025",Sit ups - Deep exhale at top,2,15,20,
"Friday, October 24, 2025",Sit ups - Deep exhale at top,3,15,20,
"Friday, October 17, 2025",Sit ups - Deep exhale at top,1,15,20,
"Friday, October 17, 2025",Sit ups - Deep exhale at top,2,15,20,
"Friday, October 17, 2025",Sit ups - Deep exhale at top,3,15,20,
"Friday, October 10, 2025",Sit ups - Deep exhale at top,1,15,20,
"Friday, October 10, 2025",Sit ups - Deep exhale at top,2,15,20,
"Friday, October 10, 2025",Sit ups - Deep exhale at top,3,15,20,
"Monday, April 20, 2026",Standing Cable curl (facing stack),1,15,17,
"Monday, April 20, 2026",Standing Cable curl (facing stack),2,15,18,
"Monday, April 13, 2026",Standing Cable curl (facing stack),1,15,17,
"Monday, April 13, 2026",Standing Cable curl (facing stack),2,15,17,
"Tuesday, March 31, 2026",Standing Cable curl (facing stack),1,15,20,
"Tuesday, March 31, 2026",Standing Cable curl (facing stack),2,15,17,
"Tuesday, March 17, 2026",Standing Cable curl (facing stack),1,15,18,
"Tuesday, March 17, 2026",Standing Cable curl (facing stack),2,15,18,
"Tuesday, March 10, 2026",Standing Cable curl (facing stack),1,15,17,
"Tuesday, March 10, 2026",Standing Cable curl (facing stack),2,15,17,
"Tuesday, March 3, 2026",Standing Cable curl (facing stack),1,15,22,
"Tuesday, March 3, 2026",Standing Cable curl (facing stack),2,15,22,
"Tuesday, February 24, 2026",Standing Cable curl (facing stack),1,15,22,
"Tuesday, February 24, 2026",Standing Cable curl (facing stack),2,15,22,
"Tuesday, February 17, 2026",Standing Cable curl (facing stack),1,15,22,
"Tuesday, February 17, 2026",Standing Cable curl (facing stack),2,15,22,
"Monday, February 16, 2026",Standing Cable curl (facing stack),1,15,22,
"Monday, February 16, 2026",Standing Cable curl (facing stack),2,15,22,
"Monday, February 16, 2026",Standing Cable curl (facing stack),3,15,22,
"Thursday, February 12, 2026",Standing Cable curl (facing stack),1,15,22,
"Thursday, February 12, 2026",Standing Cable curl (facing stack),2,15,22,
"Thursday, February 12, 2026",Standing Cable curl (facing stack),3,15,22,
"Thursday, February 5, 2026",Standing Cable curl (facing stack),1,15,21,
"Thursday, February 5, 2026",Standing Cable curl (facing stack),2,15,21,
"Thursday, February 5, 2026",Standing Cable curl (facing stack),3,15,21,
"Thursday, January 29, 2026",Standing Cable curl (facing stack),1,15,22,
"Thursday, January 29, 2026",Standing Cable curl (facing stack),2,15,22,
"Thursday, January 29, 2026",Standing Cable curl (facing stack),3,15,22,
"Thursday, January 22, 2026",Standing Cable curl (facing stack),1,15,21,
"Thursday, January 22, 2026",Standing Cable curl (facing stack),2,15,21,
"Thursday, January 22, 2026",Standing Cable curl (facing stack),3,15,21,
"Thursday, January 15, 2026",Standing Cable curl (facing stack),1,15,22,
"Thursday, January 15, 2026",Standing Cable curl (facing stack),2,15,22,
"Thursday, January 15, 2026",Standing Cable curl (facing stack),3,15,22,
"Thursday, January 8, 2026",Standing Cable curl (facing stack),1,15,21,
"Thursday, January 8, 2026",Standing Cable curl (facing stack),2,15,21,
"Thursday, January 8, 2026",Standing Cable curl (facing stack),3,15,21,
"Thursday, January 1, 2026",Standing Cable curl (facing stack),1,15,22.5,
"Thursday, January 1, 2026",Standing Cable curl (facing stack),2,15,17.5,
"Thursday, January 1, 2026",Standing Cable curl (facing stack),3,15,17.5,
"Thursday, December 25, 2025",Standing Cable curl (facing stack),1,15,21,
"Thursday, December 25, 2025",Standing Cable curl (facing stack),2,15,21,
"Thursday, December 25, 2025",Standing Cable curl (facing stack),3,15,21,
"Thursday, December 18, 2025",Standing Cable curl (facing stack),1,15,21,
"Thursday, December 11, 2025",Standing Cable curl (facing stack),1,15,21,
"Thursday, December 11, 2025",Standing Cable curl (facing stack),2,15,21,
"Thursday, December 11, 2025",Standing Cable curl (facing stack),3,15,19,
"Thursday, December 11, 2025",Standing Cable curl (facing stack),4,15,20,
"Thursday, December 11, 2025",Standing Cable curl (facing stack),5,15,20,
"Thursday, December 4, 2025",Standing Cable curl (facing stack),1,15,17,
"Thursday, December 4, 2025",Standing Cable curl (facing stack),2,15,18,
"Thursday, December 4, 2025",Standing Cable curl (facing stack),3,15,19,
"Thursday, November 27, 2025",Standing Cable curl (facing stack),1,15,17,
"Thursday, November 27, 2025",Standing Cable curl (facing stack),2,15,17,
"Thursday, November 27, 2025",Standing Cable curl (facing stack),3,15,17,
"Thursday, November 20, 2025",Standing Cable curl (facing stack),1,15,17,
"Thursday, November 20, 2025",Standing Cable curl (facing stack),2,15,17,
"Thursday, November 20, 2025",Standing Cable curl (facing stack),3,15,17,
"Thursday, November 13, 2025",Standing Cable curl (facing stack),1,15,15,
"Thursday, November 13, 2025",Standing Cable curl (facing stack),2,15,15,
"Thursday, November 13, 2025",Standing Cable curl (facing stack),3,15,15,
"Thursday, November 6, 2025",Standing Cable curl (facing stack),1,15,15,
"Thursday, November 6, 2025",Standing Cable curl (facing stack),2,15,15,
"Thursday, November 6, 2025",Standing Cable curl (facing stack),3,15,15,
"Thursday, October 30, 2025",Standing Cable curl (facing stack),1,15,18,
"Thursday, October 30, 2025",Standing Cable curl (facing stack),2,15,18,
"Thursday, October 30, 2025",Standing Cable curl (facing stack),3,15,19,
"Thursday, October 23, 2025",Standing Cable curl (facing stack),1,15,15,
"Thursday, October 23, 2025",Standing Cable curl (facing stack),2,15,15,
"Thursday, October 23, 2025",Standing Cable curl (facing stack),3,15,16,
"Thursday, October 16, 2025",Standing Cable curl (facing stack),1,15,18,
"Thursday, October 16, 2025",Standing Cable curl (facing stack),2,15,17,
"Thursday, October 16, 2025",Standing Cable curl (facing stack),3,15,12,
"Thursday, October 9, 2025",Standing Cable curl (facing stack),1,15,15,
"Thursday, October 9, 2025",Standing Cable curl (facing stack),2,15,15,
"Thursday, October 9, 2025",Standing Cable curl (facing stack),3,15,17,
"Friday, April 17, 2026",Standing Lateral Raises,1,15,10,
"Friday, April 17, 2026",Standing Lateral Raises,2,15,10,
"Monday, March 23, 2026",Standing Lateral Raises,1,15,13,
"Monday, March 23, 2026",Standing Lateral Raises,2,15,13,
"Monday, March 16, 2026",Standing Lateral Raises,1,15,10,
"Monday, March 16, 2026",Standing Lateral Raises,2,15,10,
"Monday, March 16, 2026",Standing Lateral Raises,3,15,10,
"Monday, March 9, 2026",Standing Lateral Raises,1,15,11,
"Monday, March 9, 2026",Standing Lateral Raises,2,15,11,
"Monday, March 2, 2026",Standing Lateral Raises,1,15,13,
"Monday, March 2, 2026",Standing Lateral Raises,2,15,13,
"Monday, February 23, 2026",Standing Lateral Raises,1,15,13,
"Monday, February 23, 2026",Standing Lateral Raises,2,15,13,
"Friday, April 17, 2026",Standing OH Press,1,8,60,
"Friday, April 17, 2026",Standing OH Press,2,8,60,
"Friday, April 17, 2026",Standing OH Press,3,12,50,
"Monday, March 23, 2026",Standing OH Press,1,8,44,
"Monday, March 23, 2026",Standing OH Press,2,8,44,
"Monday, March 23, 2026",Standing OH Press,3,12,44,
"Monday, March 16, 2026",Standing OH Press,1,8,50,
"Monday, March 16, 2026",Standing OH Press,2,8,50,
"Monday, March 16, 2026",Standing OH Press,3,12,45,
"Monday, March 9, 2026",Standing OH Press,1,8,64,
"Monday, March 9, 2026",Standing OH Press,2,8,64,
"Monday, March 9, 2026",Standing OH Press,3,12,58,
"Monday, March 2, 2026",Standing OH Press,1,8,64,
"Monday, March 2, 2026",Standing OH Press,2,5,64,
"Monday, March 2, 2026",Standing OH Press,3,8,57,
"Monday, February 23, 2026",Standing OH Press,1,8,63,
"Monday, February 16, 2026",Standing OH Press,1,8,63,
"Monday, February 16, 2026",Standing OH Press,2,12,56,
"Monday, February 16, 2026",Standing OH Press,3,8,31,
"Monday, February 16, 2026",Standing OH Press,4,8,31,
"Monday, February 16, 2026",Standing OH Press,5,8,31,
"Friday, February 13, 2026",Standing OH Press,1,10,59,
"Friday, February 13, 2026",Standing OH Press,2,10,59,
"Friday, February 13, 2026",Standing OH Press,3,10,59,
"Friday, February 6, 2026",Standing OH Press,1,10,59,
"Friday, February 6, 2026",Standing OH Press,2,10,59,
"Friday, February 6, 2026",Standing OH Press,3,9,59,
"Friday, January 30, 2026",Standing OH Press,1,10,58,
"Friday, January 30, 2026",Standing OH Press,2,10,58,
"Friday, January 30, 2026",Standing OH Press,3,10,58,
"Friday, January 23, 2026",Standing OH Press,1,10,57,
"Friday, January 23, 2026",Standing OH Press,2,10,57,
"Friday, January 23, 2026",Standing OH Press,3,10,57,
"Friday, January 16, 2026",Standing OH Press,1,10,60,
"Friday, January 16, 2026",Standing OH Press,2,10,60,
"Friday, January 16, 2026",Standing OH Press,3,10,60,
"Friday, January 9, 2026",Standing OH Press,1,10,56,
"Friday, January 9, 2026",Standing OH Press,2,10,57,
"Friday, January 9, 2026",Standing OH Press,3,4,57,
"Friday, January 2, 2026",Standing OH Press,1,10,60,
"Friday, January 2, 2026",Standing OH Press,2,10,60,
"Friday, January 2, 2026",Standing OH Press,3,10,60,
"Friday, December 26, 2025",Standing OH Press,1,10,60,
"Friday, December 26, 2025",Standing OH Press,2,10,60,
"Friday, December 26, 2025",Standing OH Press,3,10,60,
"Friday, December 19, 2025",Standing OH Press,1,10,53,
"Friday, December 19, 2025",Standing OH Press,2,10,53,
"Friday, December 19, 2025",Standing OH Press,3,10,53,
"Friday, December 12, 2025",Standing OH Press,1,10,52,
"Friday, December 12, 2025",Standing OH Press,2,10,52,
"Friday, December 12, 2025",Standing OH Press,3,9,52,
"Friday, December 12, 2025",Standing OH Press,4,8,52,
"Friday, December 5, 2025",Standing OH Press,1,10,50,
"Friday, December 5, 2025",Standing OH Press,2,10,51,
"Friday, December 5, 2025",Standing OH Press,3,8,51,
"Friday, December 5, 2025",Standing OH Press,4,5,51,
"Friday, November 28, 2025",Standing OH Press,1,12,50,
"Friday, November 28, 2025",Standing OH Press,2,12,50,
"Friday, November 28, 2025",Standing OH Press,3,12,50,
"Friday, November 21, 2025",Standing OH Press,1,12,48,
"Friday, November 21, 2025",Standing OH Press,2,12,49,
"Friday, November 21, 2025",Standing OH Press,3,8,49,
"Friday, November 14, 2025",Standing OH Press,1,12,46,
"Friday, November 14, 2025",Standing OH Press,2,12,47,
"Friday, November 14, 2025",Standing OH Press,3,12,48,
"Friday, November 7, 2025",Standing OH Press,1,12,44,
"Friday, November 7, 2025",Standing OH Press,2,12,45,
"Friday, November 7, 2025",Standing OH Press,3,12,46,
"Friday, October 31, 2025",Standing OH Press,1,12,42,
"Friday, October 31, 2025",Standing OH Press,2,12,43,
"Friday, October 31, 2025",Standing OH Press,3,12,44,
"Friday, October 24, 2025",Standing OH Press,1,12,40,
"Friday, October 24, 2025",Standing OH Press,2,12,41,
"Friday, October 24, 2025",Standing OH Press,3,12,42,
"Friday, October 17, 2025",Standing OH Press,1,12,35,
"Friday, October 17, 2025",Standing OH Press,2,12,40,
"Friday, October 17, 2025",Standing OH Press,3,12,40,
"Friday, October 10, 2025",Standing OH Press,1,12,34,
"Friday, October 10, 2025",Standing OH Press,2,12,35,
"Friday, October 10, 2025",Standing OH Press,3,12,36,
"Thursday, April 23, 2026",Stationary Lunges,1,10,40,
"Thursday, April 23, 2026",Stationary Lunges,2,10,40,
"Thursday, April 23, 2026",Stationary Lunges,3,10,40,
"Thursday, April 16, 2026",Stationary Lunges,1,10,40,
"Thursday, April 16, 2026",Stationary Lunges,2,10,40,
"Thursday, April 16, 2026",Stationary Lunges,3,10,40,
"Friday, April 10, 2026",Stationary Lunges,1,10,46,
"Friday, April 10, 2026",Stationary Lunges,2,10,46,
"Friday, April 10, 2026",Stationary Lunges,3,10,46,
"Friday, April 3, 2026",Stationary Lunges,1,10,43,
"Friday, April 3, 2026",Stationary Lunges,2,10,43,
"Friday, April 3, 2026",Stationary Lunges,3,10,43,
"Friday, March 20, 2026",Stationary Lunges,1,10,44,
"Friday, March 20, 2026",Stationary Lunges,2,10,44,
"Friday, March 20, 2026",Stationary Lunges,3,10,44,
"Friday, March 13, 2026",Stationary Lunges,1,10,40,
"Friday, March 13, 2026",Stationary Lunges,2,10,42,
"Friday, March 13, 2026",Stationary Lunges,3,10,44,
"Friday, March 6, 2026",Stationary Lunges,1,10,38,
"Friday, March 6, 2026",Stationary Lunges,2,10,38,
"Friday, March 6, 2026",Stationary Lunges,3,10,40,
"Friday, February 27, 2026",Stationary Lunges,1,10,32,
"Friday, February 27, 2026",Stationary Lunges,2,10,34,
"Friday, February 27, 2026",Stationary Lunges,3,10,36,
"Friday, February 20, 2026",Stationary Lunges,1,10,35,
"Friday, February 20, 2026",Stationary Lunges,2,10,35,
"Friday, February 20, 2026",Stationary Lunges,3,10,35,
"Thursday, February 12, 2026",Stationary Lunges,1,10,32,
"Thursday, February 12, 2026",Stationary Lunges,2,10,32,
"Thursday, February 12, 2026",Stationary Lunges,3,10,32,
"Thursday, February 5, 2026",Stationary Lunges,1,10,33,
"Thursday, February 5, 2026",Stationary Lunges,2,10,33,
"Thursday, February 5, 2026",Stationary Lunges,3,10,33,
"Thursday, October 30, 2025",Stationary Lunges,1,12,30,
"Thursday, October 30, 2025",Stationary Lunges,2,12,32,
"Thursday, October 23, 2025",Stationary Lunges,1,12,30,
"Thursday, October 23, 2025",Stationary Lunges,2,12,30,
"Thursday, October 16, 2025",Stationary Lunges,1,12,30,
"Thursday, October 16, 2025",Stationary Lunges,2,12,30,
"Thursday, October 9, 2025",Stationary Lunges,1,12,28,
"Thursday, October 9, 2025",Stationary Lunges,2,12,30,
"Tuesday, April 21, 2026",Straight Bar Triceps Pushdowns,1,15,42,
"Tuesday, April 21, 2026",Straight Bar Triceps Pushdowns,2,15,42,
"Tuesday, April 14, 2026",Straight Bar Triceps Pushdowns,1,15,42,
"Tuesday, April 14, 2026",Straight Bar Triceps Pushdowns,2,15,42,
"Thursday, April 2, 2026",Straight Bar Triceps Pushdowns,1,15,40,
"Thursday, April 2, 2026",Straight Bar Triceps Pushdowns,2,15,43,
"Thursday, March 19, 2026",Straight Bar Triceps Pushdowns,1,15,42,
"Thursday, March 19, 2026",Straight Bar Triceps Pushdowns,2,15,42,
"Thursday, March 12, 2026",Straight Bar Triceps Pushdowns,1,15,40,
"Thursday, March 12, 2026",Straight Bar Triceps Pushdowns,2,15,42,
"Thursday, March 5, 2026",Straight Bar Triceps Pushdowns,1,15,55,
"Thursday, March 5, 2026",Straight Bar Triceps Pushdowns,2,15,45,
"Thursday, February 26, 2026",Straight Bar Triceps Pushdowns,1,15,55,
"Thursday, February 26, 2026",Straight Bar Triceps Pushdowns,2,15,45,
"Thursday, February 19, 2026",Straight Bar Triceps Pushdowns,1,15,55,
"Thursday, February 19, 2026",Straight Bar Triceps Pushdowns,2,15,55,
"Thursday, April 23, 2026",Thread the Needle - Upper Warm up,1,,,60s
"Thursday, April 23, 2026",Thread the Needle - Upper Warm up,2,,,60s
"Thursday, April 16, 2026",Thread the Needle - Upper Warm up,1,,,60s
"Thursday, April 16, 2026",Thread the Needle - Upper Warm up,2,,,60s
"Friday, April 10, 2026",Thread the Needle - Upper Warm up,1,,,60s
"Friday, April 10, 2026",Thread the Needle - Upper Warm up,2,,,60s
"Friday, April 3, 2026",Thread the Needle - Upper Warm up,1,,,60s
"Friday, April 3, 2026",Thread the Needle - Upper Warm up,2,,,60s
"Friday, March 20, 2026",Thread the Needle - Upper Warm up,1,,,60s
"Friday, March 20, 2026",Thread the Needle - Upper Warm up,2,,,60s
"Friday, March 13, 2026",Thread the Needle - Upper Warm up,1,,,60s
"Friday, March 13, 2026",Thread the Needle - Upper Warm up,2,,,60s
"Friday, March 6, 2026",Thread the Needle - Upper Warm up,1,,,60s
"Friday, March 6, 2026",Thread the Needle - Upper Warm up,2,,,60s
"Friday, February 27, 2026",Thread the Needle - Upper Warm up,1,,,60s
"Friday, February 27, 2026",Thread the Needle - Upper Warm up,2,,,60s
"Friday, February 20, 2026",Thread the Needle - Upper Warm up,1,,,60s
"Friday, February 20, 2026",Thread the Needle - Upper Warm up,2,,,60s
"Thursday, February 12, 2026",Thread the Needle - Upper Warm up,1,,,60s
"Thursday, February 12, 2026",Thread the Needle - Upper Warm up,2,,,60s
"Thursday, February 5, 2026",Thread the Needle - Upper Warm up,1,,,60s
"Thursday, February 5, 2026",Thread the Needle - Upper Warm up,2,,,60s
"Thursday, January 29, 2026",Thread the Needle - Upper Warm up,1,,,60s
"Thursday, January 29, 2026",Thread the Needle - Upper Warm up,2,,,60s
"Thursday, January 22, 2026",Thread the Needle - Upper Warm up,1,,,60s
"Thursday, January 22, 2026",Thread the Needle - Upper Warm up,2,,,60s
"Thursday, January 15, 2026",Thread the Needle - Upper Warm up,1,,,60s
"Thursday, January 15, 2026",Thread the Needle - Upper Warm up,2,,,60s
"Thursday, January 8, 2026",Thread the Needle - Upper Warm up,1,,,60s
"Thursday, January 8, 2026",Thread the Needle - Upper Warm up,2,,,60s
"Thursday, January 8, 2026",Thread the Needle - Upper Warm up,3,,,60s
"Thursday, January 8, 2026",Thread the Needle - Upper Warm up,4,,,60s
"Thursday, January 1, 2026",Thread the Needle - Upper Warm up,1,,,60s
"Thursday, January 1, 2026",Thread the Needle - Upper Warm up,2,,,60s
"Thursday, December 25, 2025",Thread the Needle - Upper Warm up,1,,,60s
"Thursday, December 25, 2025",Thread the Needle - Upper Warm up,2,,,60s
"Thursday, December 18, 2025",Thread the Needle - Upper Warm up,1,,,60s
"Thursday, December 18, 2025",Thread the Needle - Upper Warm up,2,,,60s
"Thursday, December 11, 2025",Thread the Needle - Upper Warm up,1,,,60s
"Thursday, December 11, 2025",Thread the Needle - Upper Warm up,2,,,60s
"Thursday, December 4, 2025",Thread the Needle - Upper Warm up,1,,,60s
"Thursday, December 4, 2025",Thread the Needle - Upper Warm up,2,,,60s
"Thursday, November 27, 2025",Thread the Needle - Upper Warm up,1,,,60s
"Thursday, November 27, 2025",Thread the Needle - Upper Warm up,2,,,60s
"Monday, November 24, 2025",Thread the Needle - Upper Warm up,1,,,60s
"Monday, November 24, 2025",Thread the Needle - Upper Warm up,2,,,60s
"Thursday, November 20, 2025",Thread the Needle - Upper Warm up,1,,,60s
"Thursday, November 20, 2025",Thread the Needle - Upper Warm up,2,,,60s
"Monday, November 17, 2025",Thread the Needle - Upper Warm up,1,,,60s
"Monday, November 17, 2025",Thread the Needle - Upper Warm up,2,,,60s
"Thursday, November 13, 2025",Thread the Needle - Upper Warm up,1,,,60s
"Thursday, November 13, 2025",Thread the Needle - Upper Warm up,2,,,60s
"Monday, November 10, 2025",Thread the Needle - Upper Warm up,1,,,60s
"Monday, November 10, 2025",Thread the Needle - Upper Warm up,2,,,60s
"Thursday, November 6, 2025",Thread the Needle - Upper Warm up,1,,,60s
"Thursday, November 6, 2025",Thread the Needle - Upper Warm up,2,,,60s
"Monday, November 3, 2025",Thread the Needle - Upper Warm up,1,,,60s
"Monday, November 3, 2025",Thread the Needle - Upper Warm up,2,,,60s
"Thursday, October 30, 2025",Thread the Needle - Upper Warm up,1,,,60s
"Thursday, October 30, 2025",Thread the Needle - Upper Warm up,2,,,60s
"Monday, October 27, 2025",Thread the Needle - Upper Warm up,1,,,60s
"Monday, October 27, 2025",Thread the Needle - Upper Warm up,2,,,60s
"Thursday, October 23, 2025",Thread the Needle - Upper Warm up,1,,,60s
"Thursday, October 23, 2025",Thread the Needle - Upper Warm up,2,,,60s
"Monday, October 20, 2025",Thread the Needle - Upper Warm up,1,,,60s
"Monday, October 20, 2025",Thread the Needle - Upper Warm up,2,,,60s
"Thursday, October 16, 2025",Thread the Needle - Upper Warm up,1,,,60s
"Thursday, October 16, 2025",Thread the Needle - Upper Warm up,2,,,60s
"Monday, October 13, 2025",Thread the Needle - Upper Warm up,1,,,60s
"Monday, October 13, 2025",Thread the Needle - Upper Warm up,2,,,60s
"Thursday, October 9, 2025",Thread the Needle - Upper Warm up,1,,,60s
"Thursday, October 9, 2025",Thread the Needle - Upper Warm up,2,,,60s
"Monday, October 6, 2025",Thread the Needle - Upper Warm up,1,,,60s
"Monday, October 6, 2025",Thread the Needle - Upper Warm up,2,,,60s
"Tuesday, April 21, 2026",Toe touches (heels elevated),1,8,,
"Tuesday, April 21, 2026",Toe touches (heels elevated),2,8,,
"Tuesday, April 21, 2026",Toe touches (heels elevated),3,8,,
"Tuesday, April 21, 2026",Toe touches (heels elevated),4,8,,
"Monday, April 20, 2026",Toe touches (heels elevated),1,8,,
"Monday, April 20, 2026",Toe touches (heels elevated),2,8,,
"Friday, April 17, 2026",Toe touches (heels elevated),1,12,,
"Friday, April 17, 2026",Toe touches (heels elevated),2,12,,
"Tuesday, April 14, 2026",Toe touches (heels elevated),1,8,,
"Tuesday, April 14, 2026",Toe touches (heels elevated),2,8,,
"Tuesday, April 14, 2026",Toe touches (heels elevated),3,8,,
"Tuesday, April 14, 2026",Toe touches (heels elevated),4,8,,
"Monday, April 13, 2026",Toe touches (heels elevated),1,8,,
"Monday, April 13, 2026",Toe touches (heels elevated),2,8,,
"Monday, April 6, 2026",Toe touches (heels elevated),1,12,,
"Monday, April 6, 2026",Toe touches (heels elevated),2,12,,
"Thursday, April 2, 2026",Toe touches (heels elevated),1,8,,
"Thursday, April 2, 2026",Toe touches (heels elevated),2,8,,
"Thursday, April 2, 2026",Toe touches (heels elevated),3,8,,
"Thursday, April 2, 2026",Toe touches (heels elevated),4,8,,
"Tuesday, March 31, 2026",Toe touches (heels elevated),1,8,,
"Tuesday, March 31, 2026",Toe touches (heels elevated),2,8,,
"Monday, March 23, 2026",Toe touches (heels elevated),1,12,,
"Monday, March 23, 2026",Toe touches (heels elevated),2,12,,
"Thursday, March 19, 2026",Toe touches (heels elevated),1,8,,
"Thursday, March 19, 2026",Toe touches (heels elevated),2,8,,
"Thursday, March 19, 2026",Toe touches (heels elevated),3,8,,
"Thursday, March 19, 2026",Toe touches (heels elevated),4,8,,
"Tuesday, March 17, 2026",Toe touches (heels elevated),1,8,,
"Tuesday, March 17, 2026",Toe touches (heels elevated),2,8,,
"Monday, March 16, 2026",Toe touches (heels elevated),1,12,,
"Monday, March 16, 2026",Toe touches (heels elevated),2,12,,
"Thursday, March 12, 2026",Toe touches (heels elevated),1,8,,
"Thursday, March 12, 2026",Toe touches (heels elevated),2,8,,
"Thursday, March 12, 2026",Toe touches (heels elevated),3,8,,
"Thursday, March 12, 2026",Toe touches (heels elevated),4,8,,
"Tuesday, March 10, 2026",Toe touches (heels elevated),1,8,,
"Tuesday, March 10, 2026",Toe touches (heels elevated),2,8,,
"Monday, March 9, 2026",Toe touches (heels elevated),1,12,,
"Monday, March 9, 2026",Toe touches (heels elevated),2,12,,
"Thursday, March 5, 2026",Toe touches (heels elevated),1,8,,
"Thursday, March 5, 2026",Toe touches (heels elevated),2,8,,
"Thursday, March 5, 2026",Toe touches (heels elevated),3,8,,
"Thursday, March 5, 2026",Toe touches (heels elevated),4,8,,
"Tuesday, March 3, 2026",Toe touches (heels elevated),1,8,,
"Tuesday, March 3, 2026",Toe touches (heels elevated),2,8,,
"Monday, March 2, 2026",Toe touches (heels elevated),1,12,,
"Monday, March 2, 2026",Toe touches (heels elevated),2,12,,
"Thursday, February 26, 2026",Toe touches (heels elevated),1,8,,
"Thursday, February 26, 2026",Toe touches (heels elevated),2,8,,
"Thursday, February 26, 2026",Toe touches (heels elevated),3,8,,
"Thursday, February 26, 2026",Toe touches (heels elevated),4,8,,
"Tuesday, February 24, 2026",Toe touches (heels elevated),1,8,,
"Tuesday, February 24, 2026",Toe touches (heels elevated),2,8,,
"Thursday, April 23, 2026",Wide Grip Pulldowns,1,10,80,
"Thursday, April 23, 2026",Wide Grip Pulldowns,2,10,80,
"Thursday, April 23, 2026",Wide Grip Pulldowns,3,10,80,
"Thursday, April 16, 2026",Wide Grip Pulldowns,1,10,80,
"Thursday, April 16, 2026",Wide Grip Pulldowns,2,10,80,
"Thursday, April 16, 2026",Wide Grip Pulldowns,3,10,80,
"Friday, April 10, 2026",Wide Grip Pulldowns,1,10,106,
"Friday, April 10, 2026",Wide Grip Pulldowns,2,10,106,
"Friday, April 10, 2026",Wide Grip Pulldowns,3,10,106,
"Friday, April 3, 2026",Wide Grip Pulldowns,1,10,104,
"Friday, April 3, 2026",Wide Grip Pulldowns,2,10,105,
"Friday, April 3, 2026",Wide Grip Pulldowns,3,10,105,
"Friday, March 20, 2026",Wide Grip Pulldowns,1,10,104,
"Friday, March 20, 2026",Wide Grip Pulldowns,2,10,104,
"Friday, March 20, 2026",Wide Grip Pulldowns,3,10,104,
"Friday, March 13, 2026",Wide Grip Pulldowns,1,10,103,
"Friday, March 13, 2026",Wide Grip Pulldowns,2,10,103,
"Friday, March 13, 2026",Wide Grip Pulldowns,3,10,103,
"Friday, February 27, 2026",Wide Grip Pulldowns,1,10,101,
"Friday, February 27, 2026",Wide Grip Pulldowns,2,10,101,
"Friday, February 27, 2026",Wide Grip Pulldowns,3,10,101,
"Friday, February 20, 2026",Wide Grip Pulldowns,1,10,100,
"Friday, February 20, 2026",Wide Grip Pulldowns,2,10,100,
"Friday, February 20, 2026",Wide Grip Pulldowns,3,10,100,
"Monday, February 16, 2026",Wide Grip Pulldowns,1,10,100,
"Monday, February 16, 2026",Wide Grip Pulldowns,2,10,100,
"Monday, February 16, 2026",Wide Grip Pulldowns,3,10,100,
"Thursday, February 12, 2026",Wide Grip Pulldowns,1,10,96,
"Thursday, February 12, 2026",Wide Grip Pulldowns,2,10,97,
"Thursday, February 12, 2026",Wide Grip Pulldowns,3,10,98,
"Thursday, February 5, 2026",Wide Grip Pulldowns,1,10,94,
"Thursday, February 5, 2026",Wide Grip Pulldowns,2,10,95,
"Thursday, February 5, 2026",Wide Grip Pulldowns,3,10,96,
"Thursday, January 29, 2026",Wide Grip Pulldowns,1,10,94,
"Thursday, January 29, 2026",Wide Grip Pulldowns,2,10,94,
"Thursday, January 29, 2026",Wide Grip Pulldowns,3,10,94,
"Thursday, January 22, 2026",Wide Grip Pulldowns,1,10,92,
"Thursday, January 22, 2026",Wide Grip Pulldowns,2,10,93,
"Thursday, January 22, 2026",Wide Grip Pulldowns,3,10,94,
"Thursday, January 15, 2026",Wide Grip Pulldowns,1,10,91,
"Thursday, January 15, 2026",Wide Grip Pulldowns,2,10,91,
"Thursday, January 15, 2026",Wide Grip Pulldowns,3,10,92,
"Thursday, January 8, 2026",Wide Grip Pulldowns,1,10,92,
"Thursday, January 8, 2026",Wide Grip Pulldowns,2,10,92,
"Thursday, January 8, 2026",Wide Grip Pulldowns,3,10,92,
"Thursday, January 1, 2026",Wide Grip Pulldowns,1,10,80,
"Thursday, January 1, 2026",Wide Grip Pulldowns,2,10,85,
"Thursday, January 1, 2026",Wide Grip Pulldowns,3,10,90,
"Thursday, December 25, 2025",Wide Grip Pulldowns,1,6,,
"Thursday, December 25, 2025",Wide Grip Pulldowns,2,6,,
"Thursday, December 25, 2025",Wide Grip Pulldowns,3,6,,
"Thursday, December 18, 2025",Wide Grip Pulldowns,1,10,88,
"Thursday, December 18, 2025",Wide Grip Pulldowns,2,10,89,
"Thursday, December 18, 2025",Wide Grip Pulldowns,3,10,90,
"Thursday, December 11, 2025",Wide Grip Pulldowns,1,10,91,
"Thursday, December 11, 2025",Wide Grip Pulldowns,2,10,87,
"Thursday, December 11, 2025",Wide Grip Pulldowns,3,10,88,
"Thursday, December 11, 2025",Wide Grip Pulldowns,4,10,89,
"Thursday, December 11, 2025",Wide Grip Pulldowns,5,10,90,
"Thursday, December 4, 2025",Wide Grip Pulldowns,1,10,85,
"Thursday, December 4, 2025",Wide Grip Pulldowns,2,10,86,
"Thursday, December 4, 2025",Wide Grip Pulldowns,3,10,87,
"Thursday, November 27, 2025",Wide Grip Pulldowns,1,12,87,
"Thursday, November 27, 2025",Wide Grip Pulldowns,2,12,85,
"Thursday, November 27, 2025",Wide Grip Pulldowns,3,12,85,
"Thursday, November 20, 2025",Wide Grip Pulldowns,1,12,84,
"Thursday, November 20, 2025",Wide Grip Pulldowns,2,12,86,
"Thursday, November 20, 2025",Wide Grip Pulldowns,3,12,86,
"Thursday, November 13, 2025",Wide Grip Pulldowns,1,12,78,
"Thursday, November 13, 2025",Wide Grip Pulldowns,2,12,80,
"Thursday, November 13, 2025",Wide Grip Pulldowns,3,12,82,
"Thursday, November 6, 2025",Wide Grip Pulldowns,1,12,50,
"Thursday, November 6, 2025",Wide Grip Pulldowns,2,12,50,
"Thursday, November 6, 2025",Wide Grip Pulldowns,3,12,50,
"Thursday, October 30, 2025",Wide Grip Pulldowns,1,15,78,
"Thursday, October 30, 2025",Wide Grip Pulldowns,2,15,80,
"Thursday, October 30, 2025",Wide Grip Pulldowns,3,15,82,
"Thursday, October 23, 2025",Wide Grip Pulldowns,1,15,76,
"Thursday, October 23, 2025",Wide Grip Pulldowns,2,15,78,
"Thursday, October 23, 2025",Wide Grip Pulldowns,3,15,78,
"Thursday, October 16, 2025",Wide Grip Pulldowns,1,15,72,
"Thursday, October 16, 2025",Wide Grip Pulldowns,2,15,74,
"Thursday, October 16, 2025",Wide Grip Pulldowns,3,15,76,
"Thursday, October 9, 2025",Wide Grip Pulldowns,1,15,72,
"Thursday, October 9, 2025",Wide Grip Pulldowns,2,15,72,
"Thursday, October 9, 2025",Wide Grip Pulldowns,3,15,72,
"Thursday, April 23, 2026",Wide Grip Pulldowns,1,10,80,
"Thursday, April 23, 2026",Wide Grip Pulldowns,2,10,80,
"Thursday, April 23, 2026",Wide Grip Pulldowns,3,10,80,
"Thursday, April 16, 2026",Wide Grip Pulldowns,1,10,80,
"Thursday, April 16, 2026",Wide Grip Pulldowns,2,10,80,
"Thursday, April 16, 2026",Wide Grip Pulldowns,3,10,80,
"Friday, April 10, 2026",Wide Grip Pulldowns,1,10,106,
"Friday, April 10, 2026",Wide Grip Pulldowns,2,10,106,
"Friday, April 10, 2026",Wide Grip Pulldowns,3,10,106,
"Friday, April 3, 2026",Wide Grip Pulldowns,1,10,104,
"Friday, April 3, 2026",Wide Grip Pulldowns,2,10,105,
"Friday, April 3, 2026",Wide Grip Pulldowns,3,10,105,
"Friday, March 20, 2026",Wide Grip Pulldowns,1,10,104,
"Friday, March 20, 2026",Wide Grip Pulldowns,2,10,104,
"Friday, March 20, 2026",Wide Grip Pulldowns,3,10,104,
"Friday, March 13, 2026",Wide Grip Pulldowns,1,10,103,
"Friday, March 13, 2026",Wide Grip Pulldowns,2,10,103,
"Friday, March 13, 2026",Wide Grip Pulldowns,3,10,103,
"Friday, February 27, 2026",Wide Grip Pulldowns,1,10,101,
"Friday, February 27, 2026",Wide Grip Pulldowns,2,10,101,
"Friday, February 27, 2026",Wide Grip Pulldowns,3,10,101,
"Friday, February 20, 2026",Wide Grip Pulldowns,1,10,100,
"Friday, February 20, 2026",Wide Grip Pulldowns,2,10,100,
"Friday, February 20, 2026",Wide Grip Pulldowns,3,10,100,
"Monday, February 16, 2026",Wide Grip Pulldowns,1,10,100,
"Monday, February 16, 2026",Wide Grip Pulldowns,2,10,100,
"Monday, February 16, 2026",Wide Grip Pulldowns,3,10,100,
"Thursday, February 12, 2026",Wide Grip Pulldowns,1,10,96,
"Thursday, February 12, 2026",Wide Grip Pulldowns,2,10,97,
"Thursday, February 12, 2026",Wide Grip Pulldowns,3,10,98,
"Thursday, February 5, 2026",Wide Grip Pulldowns,1,10,94,
"Thursday, February 5, 2026",Wide Grip Pulldowns,2,10,95,
"Thursday, February 5, 2026",Wide Grip Pulldowns,3,10,96,
"Thursday, January 29, 2026",Wide Grip Pulldowns,1,10,94,
"Thursday, January 29, 2026",Wide Grip Pulldowns,2,10,94,
"Thursday, January 29, 2026",Wide Grip Pulldowns,3,10,94,
"Thursday, January 22, 2026",Wide Grip Pulldowns,1,10,92,
"Thursday, January 22, 2026",Wide Grip Pulldowns,2,10,93,
"Thursday, January 22, 2026",Wide Grip Pulldowns,3,10,94,
"Thursday, January 15, 2026",Wide Grip Pulldowns,1,10,91,
"Thursday, January 15, 2026",Wide Grip Pulldowns,2,10,91,
"Thursday, January 15, 2026",Wide Grip Pulldowns,3,10,92,
"Thursday, January 8, 2026",Wide Grip Pulldowns,1,10,92,
"Thursday, January 8, 2026",Wide Grip Pulldowns,2,10,92,
"Thursday, January 8, 2026",Wide Grip Pulldowns,3,10,92,
"Thursday, January 1, 2026",Wide Grip Pulldowns,1,10,80,
"Thursday, January 1, 2026",Wide Grip Pulldowns,2,10,85,
"Thursday, January 1, 2026",Wide Grip Pulldowns,3,10,90,
"Thursday, December 25, 2025",Wide Grip Pulldowns,1,6,,
"Thursday, December 25, 2025",Wide Grip Pulldowns,2,6,,
"Thursday, December 25, 2025",Wide Grip Pulldowns,3,6,,
"Thursday, December 18, 2025",Wide Grip Pulldowns,1,10,88,
"Thursday, December 18, 2025",Wide Grip Pulldowns,2,10,89,
"Thursday, December 18, 2025",Wide Grip Pulldowns,3,10,90,
"Thursday, December 11, 2025",Wide Grip Pulldowns,1,10,91,
"Thursday, December 11, 2025",Wide Grip Pulldowns,2,10,87,
"Thursday, December 11, 2025",Wide Grip Pulldowns,3,10,88,
"Thursday, December 11, 2025",Wide Grip Pulldowns,4,10,89,
"Thursday, December 11, 2025",Wide Grip Pulldowns,5,10,90,
"Thursday, December 4, 2025",Wide Grip Pulldowns,1,10,85,
"Thursday, December 4, 2025",Wide Grip Pulldowns,2,10,86,
"Thursday, December 4, 2025",Wide Grip Pulldowns,3,10,87,
"Thursday, November 27, 2025",Wide Grip Pulldowns,1,12,87,
"Thursday, November 27, 2025",Wide Grip Pulldowns,2,12,85,
"Thursday, November 27, 2025",Wide Grip Pulldowns,3,12,85,
"Thursday, November 20, 2025",Wide Grip Pulldowns,1,12,84,
"Thursday, November 20, 2025",Wide Grip Pulldowns,2,12,86,
"Thursday, November 20, 2025",Wide Grip Pulldowns,3,12,86,
"Thursday, November 13, 2025",Wide Grip Pulldowns,1,12,78,
"Thursday, November 13, 2025",Wide Grip Pulldowns,2,12,80,
"Thursday, November 13, 2025",Wide Grip Pulldowns,3,12,82,
"Thursday, November 6, 2025",Wide Grip Pulldowns,1,12,50,
"Thursday, November 6, 2025",Wide Grip Pulldowns,2,12,50,
"Thursday, November 6, 2025",Wide Grip Pulldowns,3,12,50,
"Thursday, October 30, 2025",Wide Grip Pulldowns,1,15,78,
"Thursday, October 30, 2025",Wide Grip Pulldowns,2,15,80,
"Thursday, October 30, 2025",Wide Grip Pulldowns,3,15,82,
"Thursday, October 23, 2025",Wide Grip Pulldowns,1,15,76,
"Thursday, October 23, 2025",Wide Grip Pulldowns,2,15,78,
"Thursday, October 23, 2025",Wide Grip Pulldowns,3,15,78,
"Thursday, October 16, 2025",Wide Grip Pulldowns,1,15,72,
"Thursday, October 16, 2025",Wide Grip Pulldowns,2,15,74,
"Thursday, October 16, 2025",Wide Grip Pulldowns,3,15,76,
"Thursday, October 9, 2025",Wide Grip Pulldowns,1,15,72,
"Thursday, October 9, 2025",Wide Grip Pulldowns,2,15,72,
"Thursday, October 9, 2025",Wide Grip Pulldowns,3,15,72,
"Friday, April 24, 2026",Toe touches (heels elevated),1,12,0,
"Friday, April 24, 2026",Toe touches (heels elevated),2,12,0,
"Friday, April 24, 2026",Goblet Squats (squat),1,10,52,
"Friday, April 24, 2026",Goblet Squats (squat),2,10,52,
"Friday, April 24, 2026",Standing Lateral Raises,1,15,10,
"Friday, April 24, 2026",Standing Lateral Raises,2,15,10,
"Friday, April 24, 2026",Standing Lateral Raises,3,15,10,
"Friday, April 24, 2026",Standing OH Press,1,8,61,
"Friday, April 24, 2026",Standing OH Press,2,8,61,
"Friday, April 24, 2026",Standing OH Press,3,12,54,
"Friday, April 24, 2026",Seated Single Arm Row,1,12,52,
"Friday, April 24, 2026",Seated Single Arm Row,2,12,52,
"Friday, April 24, 2026",Seated Single Arm Row,3,12,53,
"Friday, April 24, 2026",Incline Chest Supported DB ROW - Pronated Grip,1,12,64,
"Friday, April 24, 2026",Incline Chest Supported DB ROW - Pronated Grip,2,12,64,
"Friday, April 24, 2026",Incline Chest Supported DB ROW - Pronated Grip,3,12,64,
"Friday, April 24, 2026",Reverse Grip Pulldowns,1,15,85,
"Friday, April 24, 2026",Reverse Grip Pulldowns,2,15,85,
"Friday, April 24, 2026",Reverse Grip Pulldowns,3,15,85,
"Friday, April 24, 2026",DB Skull Crushers,1,15,44,
"Friday, April 24, 2026",DB Skull Crushers,2,15,46,
"Friday, April 24, 2026",DB Skull Crushers,3,15,46,
"Friday, April 24, 2026",Sit ups - Deep exhale at top,1,15,22,
"Friday, April 24, 2026",Sit ups - Deep exhale at top,2,15,22,
"Friday, April 24, 2026",Sit ups - Deep exhale at top,3,15,22,